week,instaLkeCountSum,instaCommentCountSum,instaLikeCountAvg,instaCommentCountAvg
2013-07-08/2013-07-14,3859,352,3859.0,352.0
2013-07-29/2013-08-04,4798,157,2399.0,78.5
2013-08-05/2013-08-11,3128,131,3128.0,131.0
2013-08-12/2013-08-18,2448,59,2448.0,59.0
2013-09-02/2013-09-08,5469,83,2734.5,41.5
2013-10-28/2013-11-03,6828,131,3414.0,65.5
2013-11-25/2013-12-01,2118,88,2118.0,88.0
2013-12-09/2013-12-15,8535,355,2845.0,118.33333333333333
2013-12-16/2013-12-22,14390,366,2878.0,73.2
2014-01-13/2014-01-19,5905,237,2952.5,118.5
2014-01-20/2014-01-26,7723,112,2574.3333333333335,37.333333333333336
2014-01-27/2014-02-02,28845,406,2622.2727272727275,36.90909090909091
2014-02-03/2014-02-09,4829,305,2414.5,152.5
2014-02-10/2014-02-16,5138,41,2569.0,20.5
2014-02-17/2014-02-23,3087,38,3087.0,38.0
2014-02-24/2014-03-02,10224,211,3408.0,70.33333333333333
2014-03-03/2014-03-09,6766,647,3383.0,323.5
2014-03-10/2014-03-16,11038,331,3679.3333333333335,110.33333333333333
2014-03-17/2014-03-23,11484,181,3828.0,60.333333333333336
2014-03-24/2014-03-30,12045,318,4015.0,106.0
2014-03-31/2014-04-06,17834,359,4458.5,89.75
2014-04-07/2014-04-13,2349,22,2349.0,22.0
2014-04-14/2014-04-20,9081,135,3027.0,45.0
2014-04-21/2014-04-27,20540,358,4108.0,71.6
2014-04-28/2014-05-04,19487,361,3897.4,72.2
2014-05-05/2014-05-11,8415,93,4207.5,46.5
2014-05-12/2014-05-18,13122,136,4374.0,45.333333333333336
2014-05-19/2014-05-25,25282,572,4213.666666666667,95.33333333333333
2014-05-26/2014-06-01,14455,389,4818.333333333333,129.66666666666666
2014-06-02/2014-06-08,9731,130,4865.5,65.0
2014-06-09/2014-06-15,13066,298,4355.333333333333,99.33333333333333
2014-06-16/2014-06-22,12368,817,4122.666666666667,272.3333333333333
2014-06-23/2014-06-29,10248,207,5124.0,103.5
2014-06-30/2014-07-06,3480,18,3480.0,18.0
2014-07-07/2014-07-13,29897,510,4982.833333333333,85.0
2014-07-14/2014-07-20,25159,451,5031.8,90.2
2014-07-21/2014-07-27,9746,116,4873.0,58.0
2014-07-28/2014-08-03,21756,543,5439.0,135.75
2014-08-04/2014-08-10,18900,288,4725.0,72.0
2014-08-11/2014-08-17,24933,352,4986.6,70.4
2014-08-18/2014-08-24,7299,35,3649.5,17.5
2014-08-25/2014-08-31,14154,225,4718.0,75.0
2014-09-01/2014-09-07,31817,615,5302.833333333333,102.5
2014-09-08/2014-09-14,17538,195,4384.5,48.75
2014-09-15/2014-09-21,25670,338,5134.0,67.6
2014-09-22/2014-09-28,16895,207,5631.666666666667,69.0
2014-09-29/2014-10-05,33972,623,5662.0,103.83333333333333
2014-10-06/2014-10-12,40054,612,5722.0,87.42857142857143
2014-10-13/2014-10-19,25301,478,6325.25,119.5
2014-10-20/2014-10-26,34258,356,5709.666666666667,59.333333333333336
2014-10-27/2014-11-02,32257,400,5376.166666666667,66.66666666666667
2014-11-03/2014-11-09,20777,200,5194.25,50.0
2014-11-10/2014-11-16,42066,835,7011.0,139.16666666666666
2014-11-17/2014-11-23,14955,179,4985.0,59.666666666666664
2014-11-24/2014-11-30,24102,606,6025.5,151.5
2014-12-01/2014-12-07,32018,361,6403.6,72.2
2014-12-08/2014-12-14,22394,230,5598.5,57.5
2014-12-15/2014-12-21,26249,605,6562.25,151.25
2014-12-22/2014-12-28,18811,194,6270.333333333333,64.66666666666667
2015-01-05/2015-01-11,13692,171,6846.0,85.5
2015-01-12/2015-01-18,46268,1222,7711.333333333333,203.66666666666666
2015-01-19/2015-01-25,21824,306,7274.666666666667,102.0
2015-01-26/2015-02-01,28343,287,7085.75,71.75
2015-02-02/2015-02-08,13884,153,6942.0,76.5
2015-02-09/2015-02-15,20242,241,6747.333333333333,80.33333333333333
2015-02-16/2015-02-22,30510,508,7627.5,127.0
2015-02-23/2015-03-01,28201,351,7050.25,87.75
2015-03-09/2015-03-15,21123,249,7041.0,83.0
2015-03-16/2015-03-22,6495,71,6495.0,71.0
2015-03-23/2015-03-29,19704,639,6568.0,213.0
2015-03-30/2015-04-05,24643,473,8214.333333333334,157.66666666666666
2015-04-06/2015-04-12,11469,131,11469.0,131.0
2015-04-13/2015-04-19,30516,528,10172.0,176.0
2015-04-20/2015-04-26,14847,142,7423.5,71.0
2015-04-27/2015-05-03,19458,457,9729.0,228.5
2015-05-04/2015-05-10,9153,74,9153.0,74.0
2015-05-11/2015-05-17,32571,480,10857.0,160.0
2015-05-18/2015-05-24,7306,44,7306.0,44.0
2015-05-25/2015-05-31,13291,393,13291.0,393.0
2015-06-08/2015-06-14,15261,221,7630.5,110.5
2015-06-15/2015-06-21,24824,273,8274.666666666666,91.0
2015-06-22/2015-06-28,56309,1176,9384.833333333334,196.0
2015-06-29/2015-07-05,28652,265,9550.666666666666,88.33333333333333
2015-07-06/2015-07-12,39341,612,13113.666666666666,204.0
2015-07-13/2015-07-19,21664,493,10832.0,246.5
2015-07-20/2015-07-26,38131,525,12710.333333333334,175.0
2015-07-27/2015-08-02,12038,120,12038.0,120.0
2015-08-03/2015-08-09,43498,3419,14499.333333333334,1139.6666666666667
2015-08-10/2015-08-16,31918,619,10639.333333333334,206.33333333333334
2015-08-17/2015-08-23,52739,560,13184.75,140.0
2015-08-24/2015-08-30,23673,199,11836.5,99.5
2015-08-31/2015-09-06,65523,780,13104.6,156.0
2015-09-07/2015-09-13,35372,2620,35372.0,2620.0
2015-09-14/2015-09-20,39308,414,13102.666666666666,138.0
2015-09-21/2015-09-27,51070,576,12767.5,144.0
2015-09-28/2015-10-04,76185,4173,15237.0,834.6
2015-10-05/2015-10-11,14867,134,14867.0,134.0
2015-10-12/2015-10-18,51651,824,17217.0,274.6666666666667
2015-10-19/2015-10-25,38484,551,19242.0,275.5
2015-10-26/2015-11-01,43455,278,10863.75,69.5
2015-11-02/2015-11-08,12613,108,12613.0,108.0
2015-11-09/2015-11-15,15451,606,15451.0,606.0
2015-11-16/2015-11-22,49851,1586,16617.0,528.6666666666666
2015-11-23/2015-11-29,52699,875,17566.333333333332,291.6666666666667
2015-11-30/2015-12-06,30947,179,15473.5,89.5
2015-12-07/2015-12-13,121665,1410,15208.125,176.25
2015-12-21/2015-12-27,48484,536,16161.333333333334,178.66666666666666
2015-12-28/2016-01-03,22201,415,22201.0,415.0
2016-01-04/2016-01-10,52669,622,17556.333333333332,207.33333333333334
2016-01-11/2016-01-17,51628,1778,17209.333333333332,592.6666666666666
2016-01-18/2016-01-24,62655,752,20885.0,250.66666666666666
2016-01-25/2016-01-31,21808,226,21808.0,226.0
2016-02-01/2016-02-07,25885,246,12942.5,123.0
2016-02-08/2016-02-14,62366,927,20788.666666666668,309.0
2016-02-15/2016-02-21,43954,499,14651.333333333334,166.33333333333334
2016-02-22/2016-02-28,19623,194,19623.0,194.0
2016-02-29/2016-03-06,35145,409,17572.5,204.5
2016-03-07/2016-03-13,54199,683,13549.75,170.75
2016-03-14/2016-03-20,65061,2184,21687.0,728.0
2016-03-21/2016-03-27,130079,5496,21679.833333333332,916.0
2016-03-28/2016-04-03,88842,3289,17768.4,657.8
2016-04-04/2016-04-10,106899,1660,21379.8,332.0
2016-04-11/2016-04-17,36503,437,18251.5,218.5
2016-04-18/2016-04-24,72263,610,24087.666666666668,203.33333333333334
2016-04-25/2016-05-01,78917,779,19729.25,194.75
2016-05-02/2016-05-08,35475,307,17737.5,153.5
2016-05-09/2016-05-15,123356,2113,24671.2,422.6
2016-05-16/2016-05-22,101852,1313,20370.4,262.6
2016-05-23/2016-05-29,76127,871,38063.5,435.5
2016-05-30/2016-06-05,92230,842,30743.333333333332,280.6666666666667
2016-06-06/2016-06-12,100221,726,25055.25,181.5
2016-06-13/2016-06-19,110877,953,27719.25,238.25
2016-06-20/2016-06-26,84100,459,28033.333333333332,153.0
2016-06-27/2016-07-03,89595,911,29865.0,303.6666666666667
2016-07-04/2016-07-10,104276,935,26069.0,233.75
2016-07-11/2016-07-17,147398,1417,36849.5,354.25
2016-07-18/2016-07-24,94580,872,31526.666666666668,290.6666666666667
2016-07-25/2016-07-31,184756,977,36951.2,195.4
2016-08-01/2016-08-07,21992,226,21992.0,226.0
2016-08-08/2016-08-14,75491,612,37745.5,306.0
2016-08-15/2016-08-21,40950,363,40950.0,363.0
2016-08-22/2016-08-28,28610,142,28610.0,142.0
2016-08-29/2016-09-04,84972,887,42486.0,443.5
2016-09-05/2016-09-11,38532,215,38532.0,215.0
2016-09-12/2016-09-18,41869,201,41869.0,201.0
2016-09-19/2016-09-25,55860,444,55860.0,444.0
2016-10-03/2016-10-09,49158,476,49158.0,476.0
2016-10-10/2016-10-16,77523,846,77523.0,846.0
2016-10-17/2016-10-23,90610,1221,45305.0,610.5
2016-10-24/2016-10-30,32306,694,32306.0,694.0
2016-10-31/2016-11-06,73400,978,73400.0,978.0
2016-11-07/2016-11-13,48104,237,48104.0,237.0
2016-11-14/2016-11-20,42443,672,42443.0,672.0
2016-11-21/2016-11-27,114806,2242,57403.0,1121.0
2016-12-05/2016-12-11,28342,588,28342.0,588.0
2016-12-12/2016-12-18,46823,393,46823.0,393.0
2016-12-26/2017-01-01,43799,469,43799.0,469.0
2017-01-30/2017-02-05,29935,395,29935.0,395.0
2017-02-13/2017-02-19,101552,1134,50776.0,567.0
2017-03-06/2017-03-12,42466,842,42466.0,842.0
2017-04-17/2017-04-23,85791,1063,85791.0,1063.0
2017-05-08/2017-05-14,56694,918,56694.0,918.0
2017-07-03/2017-07-09,219165,2383,109582.5,1191.5
2017-07-24/2017-07-30,705155,5701,78350.55555555556,633.4444444444445
2017-07-31/2017-08-06,132845,1463,132845.0,1463.0
2017-08-14/2017-08-20,84218,440,84218.0,440.0
2017-08-21/2017-08-27,73385,525,73385.0,525.0
2017-09-04/2017-09-10,64030,1634,64030.0,1634.0
2017-09-25/2017-10-01,76874,602,76874.0,602.0
2017-10-09/2017-10-15,48355,434,48355.0,434.0
2017-10-23/2017-10-29,110107,1402,110107.0,1402.0
2017-10-30/2017-11-05,65898,324,65898.0,324.0
2017-11-13/2017-11-19,1411169,16882,176396.125,2110.25
2017-12-18/2017-12-24,188302,1996,188302.0,1996.0
2018-01-01/2018-01-07,263493,5550,263493.0,5550.0
2018-02-05/2018-02-11,321476,5284,321476.0,5284.0
2018-02-26/2018-03-04,280055,2046,280055.0,2046.0
2018-03-19/2018-03-25,184168,2679,184168.0,2679.0
2018-04-16/2018-04-22,151333,1521,151333.0,1521.0
2018-04-30/2018-05-06,202664,1374,202664.0,1374.0
2018-05-07/2018-05-13,62992,543,62992.0,543.0
2018-05-14/2018-05-20,545854,7886,181951.33333333334,2628.6666666666665
2018-05-21/2018-05-27,314139,4396,314139.0,4396.0
2018-05-28/2018-06-03,106329,1304,106329.0,1304.0
2018-06-04/2018-06-10,590022,4584,196674.0,1528.0
2018-06-11/2018-06-17,85362,636,85362.0,636.0
2018-06-18/2018-06-24,258524,2742,129262.0,1371.0
2018-06-25/2018-07-01,113274,1007,113274.0,1007.0
2018-07-02/2018-07-08,335247,4228,111749.0,1409.3333333333333
2018-07-09/2018-07-15,208442,2166,208442.0,2166.0
2018-07-30/2018-08-05,248250,1484,124125.0,742.0
2018-08-06/2018-08-12,200050,2119,100025.0,1059.5
2018-08-20/2018-08-26,144684,1118,144684.0,1118.0
2018-08-27/2018-09-02,91585,842,91585.0,842.0
2018-09-10/2018-09-16,127156,694,127156.0,694.0
2018-09-17/2018-09-23,174047,1548,174047.0,1548.0
2018-09-24/2018-09-30,232248,2216,232248.0,2216.0
2018-10-01/2018-10-07,106998,704,106998.0,704.0
2018-10-08/2018-10-14,316779,3810,105593.0,1270.0
2018-10-15/2018-10-21,320941,4200,160470.5,2100.0
2018-10-22/2018-10-28,324879,3189,162439.5,1594.5
2018-10-29/2018-11-04,87322,944,87322.0,944.0
2018-11-05/2018-11-11,171537,2504,171537.0,2504.0
2018-11-12/2018-11-18,65109,1035,65109.0,1035.0
2018-11-19/2018-11-25,326935,1051,326935.0,1051.0
2018-11-26/2018-12-02,113747,1031,113747.0,1031.0
2018-12-03/2018-12-09,190927,2159,190927.0,2159.0
2018-12-10/2018-12-16,366059,2236,183029.5,1118.0
2018-12-24/2018-12-30,636275,4090,159068.75,1022.5
2018-12-31/2019-01-06,280341,1447,140170.5,723.5
2019-01-14/2019-01-20,556865,2923,185621.66666666666,974.3333333333334
2019-01-21/2019-01-27,457797,2886,114449.25,721.5
2019-01-28/2019-02-03,466585,4140,233292.5,2070.0
2019-02-04/2019-02-10,281289,2045,140644.5,1022.5
2019-02-11/2019-02-17,827257,9824,206814.25,2456.0
2019-02-18/2019-02-24,196001,1332,98000.5,666.0
2019-02-25/2019-03-03,469030,4271,234515.0,2135.5
2019-03-04/2019-03-10,653702,6767,217900.66666666666,2255.6666666666665
2019-03-11/2019-03-17,1218062,13440,243612.4,2688.0
2019-03-18/2019-03-24,505645,4959,252822.5,2479.5
2019-03-25/2019-03-31,491702,1757,163900.66666666666,585.6666666666666
2019-04-01/2019-04-07,726307,5802,181576.75,1450.5
2019-04-08/2019-04-14,469366,2310,234683.0,1155.0
2019-04-15/2019-04-21,778923,6775,259641.0,2258.3333333333335
2019-04-22/2019-04-28,1071527,7531,178587.83333333334,1255.1666666666667
2019-04-29/2019-05-05,476432,4109,238216.0,2054.5
2019-06-17/2019-06-23,291223,5633,291223.0,5633.0
2019-06-24/2019-06-30,116033,897,116033.0,897.0
2019-07-01/2019-07-07,124417,498,124417.0,498.0
2019-07-08/2019-07-14,324137,1344,162068.5,672.0
2019-07-15/2019-07-21,619723,4628,206574.33333333334,1542.6666666666667
2019-07-22/2019-07-28,143145,1200,143145.0,1200.0
2019-07-29/2019-08-04,429786,3559,214893.0,1779.5
2019-08-05/2019-08-11,404208,3353,202104.0,1676.5
2019-08-12/2019-08-18,385751,2321,192875.5,1160.5
2019-08-19/2019-08-25,558574,4083,279287.0,2041.5
2019-08-26/2019-09-01,434001,5202,217000.5,2601.0
2019-09-02/2019-09-08,542072,5615,180690.66666666666,1871.6666666666667
2019-09-09/2019-09-15,455266,5636,227633.0,2818.0
2019-09-16/2019-09-22,1016470,8383,254117.5,2095.75
2019-09-23/2019-09-29,769571,6367,192392.75,1591.75
2019-09-30/2019-10-06,283859,2654,141929.5,1327.0
2019-10-14/2019-10-20,354961,2166,354961.0,2166.0
2019-10-21/2019-10-27,294422,2184,294422.0,2184.0
2019-10-28/2019-11-03,134367,804,134367.0,804.0
2019-11-18/2019-11-24,1868825,53528,622941.6666666666,17842.666666666668
2020-03-02/2020-03-08,269527,3261,269527.0,3261.0
2020-07-20/2020-07-26,204225,2200,204225.0,2200.0
2020-08-03/2020-08-09,148302,2364,148302.0,2364.0
2020-11-02/2020-11-08,338053,2811,338053.0,2811.0
2021-01-11/2021-01-17,956450,6693,478225.0,3346.5
2021-01-18/2021-01-24,384543,2807,384543.0,2807.0
2021-02-01/2021-02-07,359560,2675,179780.0,1337.5
2021-02-08/2021-02-14,274270,1174,274270.0,1174.0
2021-02-15/2021-02-21,365004,1937,182502.0,968.5
2021-03-01/2021-03-07,1126324,9951,563162.0,4975.5
2021-03-08/2021-03-14,297809,2170,297809.0,2170.0
2021-03-15/2021-03-21,648950,4849,324475.0,2424.5
2021-03-29/2021-04-04,425360,3034,425360.0,3034.0
2021-04-05/2021-04-11,298922,2250,298922.0,2250.0
2021-04-12/2021-04-18,799234,6711,799234.0,6711.0
2021-05-03/2021-05-09,601971,5203,601971.0,5203.0
2021-06-07/2021-06-13,472649,3601,236324.5,1800.5
2021-06-14/2021-06-20,406232,2613,203116.0,1306.5
2021-06-21/2021-06-27,283190,2029,283190.0,2029.0
2021-06-28/2021-07-04,374679,3181,374679.0,3181.0
2021-08-16/2021-08-22,539167,19218,539167.0,19218.0
2021-08-23/2021-08-29,215781,1146,215781.0,1146.0
2021-09-13/2021-09-19,424434,2524,424434.0,2524.0
2021-09-20/2021-09-26,220236,1227,110118.0,613.5
2021-09-27/2021-10-03,418411,2663,418411.0,2663.0
2021-10-04/2021-10-10,92561,593,92561.0,593.0
2021-10-11/2021-10-17,572961,3384,190987.0,1128.0
2021-10-18/2021-10-24,468895,3247,234447.5,1623.5
2021-10-25/2021-10-31,172543,1419,172543.0,1419.0
2021-11-08/2021-11-14,270700,1220,270700.0,1220.0
2021-11-15/2021-11-21,206181,1537,206181.0,1537.0
2021-11-22/2021-11-28,213586,998,213586.0,998.0
2021-11-29/2021-12-05,696794,5070,348397.0,2535.0
2021-12-06/2021-12-12,232441,1515,116220.5,757.5
2021-12-13/2021-12-19,568300,3832,189433.33333333334,1277.3333333333333
2021-12-20/2021-12-26,524435,4519,131108.75,1129.75
2022-01-03/2022-01-09,511002,3023,170334.0,1007.6666666666666
2022-01-10/2022-01-16,206508,1549,103254.0,774.5
2022-01-17/2022-01-23,110045,504,110045.0,504.0
2022-01-24/2022-01-30,615002,10005,205000.66666666666,3335.0
2022-01-31/2022-02-06,290410,1951,290410.0,1951.0
2022-02-07/2022-02-13,124181,937,124181.0,937.0
2022-02-14/2022-02-20,388713,4857,388713.0,4857.0
2022-02-21/2022-02-27,145888,1409,145888.0,1409.0
2022-03-07/2022-03-13,152293,863,76146.5,431.5
2022-03-21/2022-03-27,270875,2086,135437.5,1043.0
2022-03-28/2022-04-03,55573,593,55573.0,593.0
2022-04-04/2022-04-10,242821,2155,121410.5,1077.5
2022-04-11/2022-04-17,97680,658,97680.0,658.0
2022-04-18/2022-04-24,83939,854,83939.0,854.0
2022-05-02/2022-05-08,467911,3848,233955.5,1924.0
2022-05-23/2022-05-29,65993,118,65993.0,118.0
2022-05-30/2022-06-05,168735,1192,168735.0,1192.0
2022-06-06/2022-06-12,72461,562,72461.0,562.0
2022-06-13/2022-06-19,308454,1748,308454.0,1748.0
2022-06-20/2022-06-26,512551,4064,170850.33333333334,1354.6666666666667
2022-06-27/2022-07-03,96025,658,96025.0,658.0
2022-07-04/2022-07-10,65417,589,65417.0,589.0
2022-07-18/2022-07-24,53543,528,53543.0,528.0
2022-08-01/2022-08-07,171075,1196,85537.5,598.0
2022-08-08/2022-08-14,183941,1413,91970.5,706.5
2022-08-15/2022-08-21,128915,1200,128915.0,1200.0
2022-08-22/2022-08-28,672590,4761,336295.0,2380.5
2022-08-29/2022-09-04,254627,1852,127313.5,926.0
2022-09-12/2022-09-18,118440,1129,59220.0,564.5
2022-10-17/2022-10-23,248331,2147,124165.5,1073.5
2022-10-24/2022-10-30,447987,2248,223993.5,1124.0
2022-10-31/2022-11-06,73321,595,73321.0,595.0
2022-11-14/2022-11-20,245256,1314,245256.0,1314.0
2022-11-21/2022-11-27,288745,1206,288745.0,1206.0
2022-11-28/2022-12-04,540352,4451,270176.0,2225.5
2022-12-05/2022-12-11,165822,1155,165822.0,1155.0
2022-12-12/2022-12-18,215014,1847,107507.0,923.5
2022-12-19/2022-12-25,572803,4610,143200.75,1152.5
2022-12-26/2023-01-01,65027,683,65027.0,683.0
2023-01-02/2023-01-08,181259,1387,90629.5,693.5
2023-01-09/2023-01-15,59181,762,59181.0,762.0
2023-01-30/2023-02-05,167056,1682,83528.0,841.0
2023-02-06/2023-02-12,244293,2790,122146.5,1395.0
2023-02-13/2023-02-19,40636,816,40636.0,816.0
2023-02-20/2023-02-26,98409,1473,98409.0,1473.0
2023-03-06/2023-03-12,344174,4372,172087.0,2186.0
2023-03-13/2023-03-19,206851,2808,206851.0,2808.0
2023-03-27/2023-04-02,379223,10550,189611.5,5275.0
2023-04-03/2023-04-09,60962,1600,60962.0,1600.0
