week,twitterViewCountSum,twitterReplyCountSum,twitterRetweetCountSum,twitterLikeCountSum,twitterQuoteCountSum,twitterViewCountMean,twitterReplyCountMean,twitterRetweetCountMean,twitterLikeCountMean,twitterQuoteCountMean
2020-01-06/2020-01-12,535892.0,513,2180,18201,300,535892.0,513.0,2180.0,18201.0,300.0
2020-01-20/2020-01-26,0.0,650,2224,14958,312,0.0,650.0,2224.0,14958.0,312.0
2020-02-03/2020-02-09,0.0,935,3854,35299,750,0.0,935.0,3854.0,35299.0,750.0
2020-02-10/2020-02-16,1028954.0,737,3846,27253,417,1028954.0,737.0,3846.0,27253.0,417.0
2020-03-02/2020-03-08,0.0,1462,5395,61221,530,0.0,731.0,2697.5,30610.5,265.0
2020-03-09/2020-03-15,0.0,505,2139,26323,234,0.0,252.5,1069.5,13161.5,117.0
2020-03-16/2020-03-22,1666682.0,1190,5093,36861,784,1666682.0,1190.0,5093.0,36861.0,784.0
2020-03-30/2020-04-05,0.0,1449,7658,36655,1498,0.0,1449.0,7658.0,36655.0,1498.0
2020-04-06/2020-04-12,0.0,871,2978,30754,287,0.0,871.0,2978.0,30754.0,287.0
2020-05-04/2020-05-10,0.0,1860,3253,39980,580,0.0,1860.0,3253.0,39980.0,580.0
2020-06-08/2020-06-14,0.0,465,1561,14540,133,0.0,465.0,1561.0,14540.0,133.0
2020-06-15/2020-06-21,0.0,678,2156,19530,205,0.0,678.0,2156.0,19530.0,205.0
2020-06-29/2020-07-05,0.0,708,1562,15355,162,0.0,708.0,1562.0,15355.0,162.0
2020-07-20/2020-07-26,0.0,1007,2419,28699,269,0.0,1007.0,2419.0,28699.0,269.0
2020-07-27/2020-08-02,0.0,420,1144,12030,97,0.0,420.0,1144.0,12030.0,97.0
2020-08-03/2020-08-09,2554418.0,1849,6530,69230,908,1277209.0,924.5,3265.0,34615.0,454.0
2020-08-10/2020-08-16,0.0,78,327,1501,12,0.0,78.0,327.0,1501.0,12.0
2020-08-17/2020-08-23,0.0,1071,2273,23549,179,0.0,535.5,1136.5,11774.5,89.5
2020-09-21/2020-09-27,1835938.0,2045,9109,71566,1530,611979.3333333334,681.6666666666666,3036.3333333333335,23855.333333333332,510.0
2020-10-12/2020-10-18,0.0,1230,2239,23821,275,0.0,1230.0,2239.0,23821.0,275.0
2020-11-02/2020-11-08,0.0,1738,3724,65189,831,0.0,1738.0,3724.0,65189.0,831.0
2020-11-09/2020-11-15,0.0,1148,1013,9628,160,0.0,1148.0,1013.0,9628.0,160.0
2020-12-28/2021-01-03,0.0,2512,6801,67313,1460,0.0,1256.0,3400.5,33656.5,730.0
2021-01-04/2021-01-10,0.0,1255,2585,34168,562,0.0,627.5,1292.5,17084.0,281.0
2021-01-11/2021-01-17,9177956.0,2925,14102,148780,1954,2294489.0,731.25,3525.5,37195.0,488.5
2021-01-18/2021-01-24,2000819.0,2144,6825,91149,936,666939.6666666666,714.6666666666666,2275.0,30383.0,312.0
2021-01-25/2021-01-31,0.0,14447,34181,475416,7852,0.0,2889.4,6836.2,95083.2,1570.4
2021-02-01/2021-02-07,3035044.0,7703,17134,264943,2320,758761.0,1925.75,4283.5,66235.75,580.0
2021-02-08/2021-02-14,0.0,18427,30835,467048,3070,0.0,9213.5,15417.5,233524.0,1535.0
2021-02-15/2021-02-21,1156543.0,10785,18933,265375,1874,289135.75,2696.25,4733.25,66343.75,468.5
2021-02-22/2021-02-28,0.0,3415,5189,92320,411,0.0,1707.5,2594.5,46160.0,205.5
2021-03-01/2021-03-07,3834850.0,3301,11220,100629,1898,3834850.0,3301.0,11220.0,100629.0,1898.0
2021-03-08/2021-03-14,4094764.0,2926,7739,95399,1154,2047382.0,1463.0,3869.5,47699.5,577.0
2021-03-15/2021-03-21,1463840.0,1520,4351,45782,571,1463840.0,1520.0,4351.0,45782.0,571.0
2021-03-22/2021-03-28,0.0,3038,4435,52895,406,0.0,3038.0,4435.0,52895.0,406.0
2021-03-29/2021-04-04,0.0,1342,2104,29181,251,0.0,1342.0,2104.0,29181.0,251.0
2021-04-05/2021-04-11,0.0,2706,3467,84621,631,0.0,2706.0,3467.0,84621.0,631.0
2021-04-12/2021-04-18,0.0,16295,29786,325512,3498,0.0,8147.5,14893.0,162756.0,1749.0
2021-04-19/2021-04-25,0.0,9614,10394,160946,983,0.0,9614.0,10394.0,160946.0,983.0
2021-04-26/2021-05-02,0.0,1027,1287,14018,139,0.0,1027.0,1287.0,14018.0,139.0
2021-05-03/2021-05-09,2011041.0,16526,28904,368317,10293,502760.25,4131.5,7226.0,92079.25,2573.25
2021-05-10/2021-05-16,0.0,8413,5617,79594,404,0.0,4206.5,2808.5,39797.0,202.0
2021-05-24/2021-05-30,0.0,7459,8103,89960,761,0.0,2486.3333333333335,2701.0,29986.666666666668,253.66666666666666
2021-05-31/2021-06-06,0.0,12196,6853,136907,713,0.0,6098.0,3426.5,68453.5,356.5
2021-06-07/2021-06-13,2933995.0,34626,29797,348855,3813,325999.44444444444,3847.3333333333335,3310.777777777778,38761.666666666664,423.6666666666667
2021-06-14/2021-06-20,3152903.0,6695,12030,135217,1242,788225.75,1673.75,3007.5,33804.25,310.5
2021-06-21/2021-06-27,0.0,1370,2828,50242,225,0.0,1370.0,2828.0,50242.0,225.0
2021-06-28/2021-07-04,484368.0,2241,3442,29347,411,161456.0,747.0,1147.3333333333333,9782.333333333334,137.0
2021-07-05/2021-07-11,0.0,16757,14055,206439,1593,0.0,5585.666666666667,4685.0,68813.0,531.0
2021-07-12/2021-07-18,0.0,13123,6038,68201,522,0.0,4374.333333333333,2012.6666666666667,22733.666666666668,174.0
2021-07-26/2021-08-01,0.0,22988,16583,240166,1892,0.0,7662.666666666667,5527.666666666667,80055.33333333333,630.6666666666666
2021-08-09/2021-08-15,0.0,20005,12185,135226,1129,0.0,2000.5,1218.5,13522.6,112.9
2021-08-16/2021-08-22,2660411.0,9601,9550,61486,3110,1330205.5,4800.5,4775.0,30743.0,1555.0
2021-09-06/2021-09-12,0.0,7773,12391,139866,1688,0.0,3886.5,6195.5,69933.0,844.0
2021-09-13/2021-09-19,0.0,2031,1839,24847,237,0.0,2031.0,1839.0,24847.0,237.0
2021-09-20/2021-09-26,2049760.0,3577,3290,37669,279,2049760.0,3577.0,3290.0,37669.0,279.0
2021-09-27/2021-10-03,0.0,7788,7066,71770,832,0.0,3894.0,3533.0,35885.0,416.0
2021-10-04/2021-10-10,3409515.0,16989,15379,169198,1469,852378.75,4247.25,3844.75,42299.5,367.25
2021-10-11/2021-10-17,0.0,2872,3062,34686,430,0.0,1436.0,1531.0,17343.0,215.0
2021-10-25/2021-10-31,3593552.0,6772,6997,89277,498,1796776.0,3386.0,3498.5,44638.5,249.0
2021-11-01/2021-11-07,0.0,2121,2665,20019,398,0.0,1060.5,1332.5,10009.5,199.0
2021-11-08/2021-11-14,0.0,4244,4072,46751,514,0.0,4244.0,4072.0,46751.0,514.0
2021-11-15/2021-11-21,0.0,941,1378,15078,93,0.0,941.0,1378.0,15078.0,93.0
2021-11-29/2021-12-05,0.0,14307,13562,167155,2738,0.0,2861.4,2712.4,33431.0,547.6
2021-12-06/2021-12-12,0.0,13156,10506,110639,1064,0.0,6578.0,5253.0,55319.5,532.0
2021-12-13/2021-12-19,0.0,383,592,3357,72,0.0,383.0,592.0,3357.0,72.0
2021-12-20/2021-12-26,2722226.0,17017,20589,274120,2270,247475.0909090909,1547.0,1871.7272727272727,24920.0,206.36363636363637
2021-12-27/2022-01-02,0.0,1414,2487,19187,489,0.0,1414.0,2487.0,19187.0,489.0
2022-01-03/2022-01-09,826005.0,1457,2181,20004,256,413002.5,728.5,1090.5,10002.0,128.0
2022-01-10/2022-01-16,0.0,44416,55216,375508,8530,0.0,14805.333333333334,18405.333333333332,125169.33333333333,2843.3333333333335
2022-01-17/2022-01-23,0.0,7528,6581,71043,624,0.0,7528.0,6581.0,71043.0,624.0
2022-01-24/2022-01-30,0.0,1616,2667,22885,172,0.0,323.2,533.4,4577.0,34.4
2022-01-31/2022-02-06,0.0,6967,6430,65133,575,0.0,2322.3333333333335,2143.3333333333335,21711.0,191.66666666666666
2022-02-14/2022-02-20,2758332.0,9770,11732,111358,2009,919444.0,3256.6666666666665,3910.6666666666665,37119.333333333336,669.6666666666666
2022-02-21/2022-02-27,0.0,1219,1078,9537,94,0.0,1219.0,1078.0,9537.0,94.0
2022-02-28/2022-03-06,0.0,6865,6686,64485,543,0.0,3432.5,3343.0,32242.5,271.5
2022-03-07/2022-03-13,0.0,1293,1151,17737,76,0.0,1293.0,1151.0,17737.0,76.0
2022-03-21/2022-03-27,1356167.0,11335,15235,191614,1317,452055.6666666667,3778.3333333333335,5078.333333333333,63871.333333333336,439.0
2022-03-28/2022-04-03,0.0,14866,18747,219290,2983,0.0,3716.5,4686.75,54822.5,745.75
2022-04-04/2022-04-10,4262541.0,33608,43328,603928,2996,426254.1,3360.8,4332.8,60392.8,299.6
2022-04-11/2022-04-17,0.0,1211,1429,13050,108,0.0,1211.0,1429.0,13050.0,108.0
2022-04-18/2022-04-24,0.0,916,903,6370,66,0.0,916.0,903.0,6370.0,66.0
2022-04-25/2022-05-01,0.0,7299,6250,71848,516,0.0,7299.0,6250.0,71848.0,516.0
2022-05-02/2022-05-08,198445.0,9980,18186,201977,1418,15265.0,767.6923076923077,1398.923076923077,15536.692307692309,109.07692307692308
2022-05-09/2022-05-15,433097.0,714,846,6187,60,433097.0,714.0,846.0,6187.0,60.0
2022-05-16/2022-05-22,0.0,39109,35193,396482,9190,0.0,7821.8,7038.6,79296.4,1838.0
2022-05-23/2022-05-29,0.0,3840,4712,63395,475,0.0,1920.0,2356.0,31697.5,237.5
2022-05-30/2022-06-05,2192555.0,12009,11208,119519,1333,548138.75,3002.25,2802.0,29879.75,333.25
2022-06-06/2022-06-12,0.0,3938,4589,67074,399,0.0,3938.0,4589.0,67074.0,399.0
2022-06-13/2022-06-19,557117.0,2333,4210,39172,555,139279.25,583.25,1052.5,9793.0,138.75
2022-06-20/2022-06-26,691086.0,3598,6063,49589,603,115181.0,599.6666666666666,1010.5,8264.833333333334,100.5
2022-07-04/2022-07-10,0.0,817,1383,10993,118,0.0,408.5,691.5,5496.5,59.0
2022-07-11/2022-07-17,0.0,3282,5587,55812,633,0.0,1641.0,2793.5,27906.0,316.5
2022-07-18/2022-07-24,6612080.0,7490,9537,93459,1610,661208.0,749.0,953.7,9345.9,161.0
2022-07-25/2022-07-31,262812.0,24137,29693,447263,4683,43802.0,4022.8333333333335,4948.833333333333,74543.83333333333,780.5
2022-08-01/2022-08-07,0.0,20194,17320,173521,1570,0.0,2884.8571428571427,2474.285714285714,24788.714285714286,224.28571428571428
2022-08-08/2022-08-14,345692.0,12923,13875,191689,1521,115230.66666666667,4307.666666666667,4625.0,63896.333333333336,507.0
2022-08-15/2022-08-21,0.0,4394,4511,60514,326,0.0,2197.0,2255.5,30257.0,163.0
2022-08-22/2022-08-28,1314199.0,1881,4672,42765,542,657099.5,940.5,2336.0,21382.5,271.0
2022-08-29/2022-09-04,0.0,2890,4444,53294,351,0.0,2890.0,4444.0,53294.0,351.0
2022-09-05/2022-09-11,1338290.0,13213,14520,141331,1597,267658.0,2642.6,2904.0,28266.2,319.4
2022-09-12/2022-09-18,784711.0,6807,6583,83401,975,196177.75,1701.75,1645.75,20850.25,243.75
2022-09-26/2022-10-02,8604489.0,23961,40210,381222,5692,614606.3571428572,1711.5,2872.1428571428573,27230.14285714286,406.57142857142856
2022-10-03/2022-10-09,3246076.0,24885,37360,458565,5217,541012.6666666666,4147.5,6226.666666666667,76427.5,869.5
2022-10-10/2022-10-16,0.0,1909,2198,19801,136,0.0,636.3333333333334,732.6666666666666,6600.333333333333,45.333333333333336
2022-10-17/2022-10-23,4490137.0,11902,18800,198713,2172,320724.0714285714,850.1428571428571,1342.857142857143,14193.785714285714,155.14285714285714
2022-10-24/2022-10-30,4897961.0,7101,11566,145872,852,1632653.6666666667,2367.0,3855.3333333333335,48624.0,284.0
2022-10-31/2022-11-06,4189326.0,5231,14558,181029,1011,1047331.5,1307.75,3639.5,45257.25,252.75
2022-11-07/2022-11-13,3982492.0,11393,18568,180570,2054,568927.4285714285,1627.5714285714287,2652.5714285714284,25795.714285714286,293.42857142857144
2022-11-14/2022-11-20,8565080.0,10500,20197,215262,2313,2141270.0,2625.0,5049.25,53815.5,578.25
2022-11-21/2022-11-27,0.0,22195,32725,368515,4076,0.0,4439.0,6545.0,73703.0,815.2
2022-11-28/2022-12-04,5413712.0,400509,659648,6196177,69579,169178.5,12515.90625,20614.0,193630.53125,2174.34375
2022-12-05/2022-12-11,6653420.0,696465,1287087,12558029,156134,130459.2156862745,13656.176470588236,25237.0,246235.86274509804,3061.450980392157
2022-12-12/2022-12-18,1631159482.0,1361431,1473722,14378636,388312,23987639.44117647,20021.04411764706,21672.382352941175,211450.5294117647,5710.470588235294
2022-12-19/2022-12-25,1194659003.0,595796,823703,6642829,136905,25970847.891304348,12952.08695652174,17906.58695652174,144409.3260869565,2976.195652173913
2022-12-26/2023-01-01,1057240595.0,533460,905013,8941271,126191,27822120.92105263,14038.421052631578,23816.13157894737,235296.6052631579,3320.815789473684
2023-01-02/2023-01-08,811097188.0,478636,366982,3970315,59660,24578702.666666668,14504.121212121212,11120.666666666666,120312.57575757576,1807.878787878788
2023-01-09/2023-01-15,370723259.0,273369,268544,2689614,40633,10297868.305555556,7593.583333333333,7459.555555555556,74711.5,1128.6944444444443
2023-01-16/2023-01-22,535614458.0,307119,402066,3974761,52284,11158634.541666666,6398.3125,8376.375,82807.52083333333,1089.25
2023-01-23/2023-01-29,475793383.0,270671,370573,4172615,43608,13993923.029411765,7960.911764705882,10899.20588235294,122723.9705882353,1282.5882352941176
2023-01-30/2023-02-05,510338556.0,265678,325549,4573877,48044,17011285.2,8855.933333333332,10851.633333333333,152462.56666666668,1601.4666666666667
2023-02-06/2023-02-12,1043613052.0,407378,592806,6337940,76268,18309000.9122807,7146.982456140351,10400.105263157895,111191.9298245614,1338.0350877192982
2023-02-13/2023-02-19,2706649868.0,608399,869287,11946018,123322,44371309.31147541,9973.754098360656,14250.606557377048,195836.3606557377,2021.672131147541
2023-02-20/2023-02-26,1597706063.0,326670,540240,6795350,73533,29587149.314814813,6049.444444444444,10004.444444444445,125839.81481481482,1361.7222222222222
2023-02-27/2023-03-05,916678788.0,223426,327686,3209502,56992,17295826.188679244,4215.584905660377,6182.754716981132,60556.64150943396,1075.3207547169811
2023-03-06/2023-03-12,770692856.0,283481,619135,4352359,48723,20281390.94736842,7460.026315789473,16293.026315789473,114535.76315789473,1282.1842105263158
2023-03-13/2023-03-19,1301995809.0,450852,849878,7995554,86792,22842031.736842107,7909.684210526316,14910.140350877193,140272.87719298244,1522.6666666666667
2023-03-20/2023-03-26,443380758.0,123074,176981,1695941,16335,16421509.555555556,4558.2962962962965,6554.851851851852,62812.62962962963,605.0
2023-03-27/2023-04-02,1371967953.0,478985,615519,7236292,162546,28582665.6875,9978.854166666666,12823.3125,150756.08333333334,3386.375
2023-04-03/2023-04-09,713451479.0,278190,517396,6058909,61897,18775038.92105263,7320.789473684211,13615.684210526315,159444.97368421053,1628.8684210526317
2023-04-10/2023-04-16,1277411679.0,483219,815547,8590749,87882,18785465.86764706,7106.161764705882,11993.338235294117,126334.54411764706,1292.3823529411766
2023-04-17/2023-04-23,1036878794.0,405903,723817,8147884,84531,20330956.74509804,7958.882352941177,14192.490196078432,159762.431372549,1657.4705882352941
2023-04-24/2023-04-30,341633944.0,193633,220322,2366343,28395,12653109.037037037,7171.592592592592,8160.074074074074,87642.33333333333,1051.6666666666667
